unique_id,ds,forecast,lower,upper,model,label,forecast_label
ZONA,2024-11-02 00:00:00,1809.1166524124785,1763.2822825232709,1854.9510223016862,LGBMRegressor,model6,2024-11-01
ZONA,2024-11-02 01:00:00,1790.986079007869,1748.9891173546869,1832.983040661051,LGBMRegressor,model6,2024-11-01
ZONA,2024-11-02 02:00:00,1744.4939928090068,1699.4522812467765,1789.5357043712372,LGBMRegressor,model6,2024-11-01
ZONA,2024-11-02 03:00:00,1672.3085240259416,1629.6523502603393,1714.9646977915438,LGBMRegressor,model6,2024-11-01
ZONA,2024-11-02 04:00:00,1594.5674278158817,1559.657594819699,1629.4772608120645,LGBMRegressor,model6,2024-11-01
ZONA,2024-11-02 05:00:00,1530.0410545907869,1497.661817112841,1562.4202920687328,LGBMRegressor,model6,2024-11-01
ZONA,2024-11-02 06:00:00,1484.6331282611245,1446.1316723926373,1523.1345841296118,LGBMRegressor,model6,2024-11-01
ZONA,2024-11-02 07:00:00,1455.8138129537122,1421.6678169642903,1489.959808943134,LGBMRegressor,model6,2024-11-01
ZONA,2024-11-02 08:00:00,1434.5540888330952,1393.1576610369898,1475.9505166292006,LGBMRegressor,model6,2024-11-01
ZONA,2024-11-02 09:00:00,1431.8066499043757,1387.8210226129036,1475.7922771958479,LGBMRegressor,model6,2024-11-01
ZONA,2024-11-02 10:00:00,1449.5092761609494,1401.0420090501302,1497.9765432717686,LGBMRegressor,model6,2024-11-01
ZONA,2024-11-02 11:00:00,1485.3893140641,1433.3463550209665,1537.4322731072336,LGBMRegressor,model6,2024-11-01
ZONA,2024-11-02 12:00:00,1534.0011004947548,1468.1114120824886,1599.890788907021,LGBMRegressor,model6,2024-11-01
ZONA,2024-11-02 13:00:00,1575.352951278552,1522.043044565757,1628.662857991347,LGBMRegressor,model6,2024-11-01
ZONA,2024-11-02 14:00:00,1597.788912480198,1516.0661174073027,1679.5117075530932,LGBMRegressor,model6,2024-11-01
ZONA,2024-11-02 15:00:00,1603.3446645474253,1499.5861870587748,1707.1031420360757,LGBMRegressor,model6,2024-11-01
ZONA,2024-11-02 16:00:00,1605.4038604381312,1478.3053617893556,1732.5023590869068,LGBMRegressor,model6,2024-11-01
ZONA,2024-11-02 17:00:00,1600.6205240651136,1466.6334811884292,1734.607566941798,LGBMRegressor,model6,2024-11-01
ZONA,2024-11-02 18:00:00,1596.2093125861281,1488.6902925901047,1703.7283325821516,LGBMRegressor,model6,2024-11-01
ZONA,2024-11-02 19:00:00,1589.9559039110359,1500.862459156178,1679.0493486658938,LGBMRegressor,model6,2024-11-01
ZONA,2024-11-02 20:00:00,1589.1945788706398,1486.8336868800163,1691.5554708612633,LGBMRegressor,model6,2024-11-01
ZONA,2024-11-02 21:00:00,1601.3555276099412,1487.497234862687,1715.2138203571953,LGBMRegressor,model6,2024-11-01
ZONA,2024-11-02 22:00:00,1630.1641237223862,1523.929720411306,1736.3985270334663,LGBMRegressor,model6,2024-11-01
ZONA,2024-11-02 23:00:00,1667.822073841143,1575.5517246431987,1760.0924230390874,LGBMRegressor,model6,2024-11-01
ZONB,2024-11-02 00:00:00,1108.575496119314,1083.6164001497693,1133.5345920888587,LGBMRegressor,model6,2024-11-01
ZONB,2024-11-02 01:00:00,1103.9131508168416,1065.6453449705955,1142.1809566630877,LGBMRegressor,model6,2024-11-01
ZONB,2024-11-02 02:00:00,1062.5092936776996,1009.8651437778437,1115.1534435775554,LGBMRegressor,model6,2024-11-01
ZONB,2024-11-02 03:00:00,1003.355777656438,955.1926704948515,1051.5188848180244,LGBMRegressor,model6,2024-11-01
ZONB,2024-11-02 04:00:00,944.5445675983808,907.4818570292334,981.6072781675282,LGBMRegressor,model6,2024-11-01
ZONB,2024-11-02 05:00:00,901.9264286796127,870.9077664513909,932.9450909078346,LGBMRegressor,model6,2024-11-01
ZONB,2024-11-02 06:00:00,871.3919624901424,841.1782571390686,901.6056678412162,LGBMRegressor,model6,2024-11-01
ZONB,2024-11-02 07:00:00,853.3562514438503,827.322597354394,879.3899055333067,LGBMRegressor,model6,2024-11-01
ZONB,2024-11-02 08:00:00,840.5409969925352,814.5813603305137,866.5006336545566,LGBMRegressor,model6,2024-11-01
ZONB,2024-11-02 09:00:00,836.6534573527101,807.5726024023446,865.7343123030756,LGBMRegressor,model6,2024-11-01
ZONB,2024-11-02 10:00:00,843.9856943125615,807.790738077598,880.1806505475249,LGBMRegressor,model6,2024-11-01
ZONB,2024-11-02 11:00:00,869.7716273800758,809.4965920306812,930.0466627294703,LGBMRegressor,model6,2024-11-01
ZONB,2024-11-02 12:00:00,908.7717918424746,822.3102467454213,995.2333369395279,LGBMRegressor,model6,2024-11-01
ZONB,2024-11-02 13:00:00,926.9362847976827,843.4560365597196,1010.4165330356458,LGBMRegressor,model6,2024-11-01
ZONB,2024-11-02 14:00:00,927.2108083211343,839.4142755217244,1015.0073411205442,LGBMRegressor,model6,2024-11-01
ZONB,2024-11-02 15:00:00,917.7457264052325,788.9458645080277,1046.5455883024374,LGBMRegressor,model6,2024-11-01
ZONB,2024-11-02 16:00:00,912.6947892093,763.3624360802676,1062.0271423383324,LGBMRegressor,model6,2024-11-01
ZONB,2024-11-02 17:00:00,904.0866082642337,728.1263329996622,1080.0468835288052,LGBMRegressor,model6,2024-11-01
ZONB,2024-11-02 18:00:00,907.763271567494,731.621866763927,1083.9046763710612,LGBMRegressor,model6,2024-11-01
ZONB,2024-11-02 19:00:00,911.8631625759632,735.6262370724096,1088.1000880795168,LGBMRegressor,model6,2024-11-01
ZONB,2024-11-02 20:00:00,924.1468381574895,759.031010393328,1089.262665921651,LGBMRegressor,model6,2024-11-01
ZONB,2024-11-02 21:00:00,960.4201980741452,843.359638330711,1077.4807578175794,LGBMRegressor,model6,2024-11-01
ZONB,2024-11-02 22:00:00,1011.2174109498915,928.6780681936958,1093.7567537060872,LGBMRegressor,model6,2024-11-01
ZONB,2024-11-02 23:00:00,1057.425918196474,999.3241222415303,1115.5277141514175,LGBMRegressor,model6,2024-11-01
ZONC,2024-11-02 00:00:00,1683.879274419115,1648.6266565385754,1719.1318922996547,LGBMRegressor,model6,2024-11-01
ZONC,2024-11-02 01:00:00,1656.1443405319997,1591.1471046971185,1721.1415763668808,LGBMRegressor,model6,2024-11-01
ZONC,2024-11-02 02:00:00,1575.233581884315,1502.0589307820203,1648.4082329866098,LGBMRegressor,model6,2024-11-01
ZONC,2024-11-02 03:00:00,1479.4899494373985,1407.4622574121108,1551.5176414626862,LGBMRegressor,model6,2024-11-01
ZONC,2024-11-02 04:00:00,1396.9056172260791,1334.8731323083462,1458.938102143812,LGBMRegressor,model6,2024-11-01
ZONC,2024-11-02 05:00:00,1344.5992851101958,1274.1876973267053,1415.0108728936862,LGBMRegressor,model6,2024-11-01
ZONC,2024-11-02 06:00:00,1319.2786006667018,1231.4966405746911,1407.0605607587124,LGBMRegressor,model6,2024-11-01
ZONC,2024-11-02 07:00:00,1305.2825863638811,1216.3870372497136,1394.1781354780487,LGBMRegressor,model6,2024-11-01
ZONC,2024-11-02 08:00:00,1296.0837113814287,1201.9180105670248,1390.2494121958325,LGBMRegressor,model6,2024-11-01
ZONC,2024-11-02 09:00:00,1311.1017347924078,1226.408949104989,1395.7945204798266,LGBMRegressor,model6,2024-11-01
ZONC,2024-11-02 10:00:00,1336.7971547477312,1244.7093496732552,1428.884959822207,LGBMRegressor,model6,2024-11-01
ZONC,2024-11-02 11:00:00,1387.6242551562568,1296.0621505131678,1479.1863597993458,LGBMRegressor,model6,2024-11-01
ZONC,2024-11-02 12:00:00,1428.1071429017925,1305.4192626480935,1550.7950231554914,LGBMRegressor,model6,2024-11-01
ZONC,2024-11-02 13:00:00,1427.6356830606287,1283.5456530870179,1571.7257130342396,LGBMRegressor,model6,2024-11-01
ZONC,2024-11-02 14:00:00,1393.9837554527014,1225.149889640378,1562.8176212650249,LGBMRegressor,model6,2024-11-01
ZONC,2024-11-02 15:00:00,1367.6911727570039,1134.9355384141838,1600.4468070998241,LGBMRegressor,model6,2024-11-01
ZONC,2024-11-02 16:00:00,1351.4237958553376,1090.6110278213175,1612.2365638893577,LGBMRegressor,model6,2024-11-01
ZONC,2024-11-02 17:00:00,1348.5975150921438,1093.555826199092,1603.6392039851955,LGBMRegressor,model6,2024-11-01
ZONC,2024-11-02 18:00:00,1340.830236427691,1090.9824285063376,1590.6780443490445,LGBMRegressor,model6,2024-11-01
ZONC,2024-11-02 19:00:00,1352.564895638954,1085.8811334573898,1619.2486578205185,LGBMRegressor,model6,2024-11-01
ZONC,2024-11-02 20:00:00,1395.5276187345523,1153.2472144823892,1637.8080229867155,LGBMRegressor,model6,2024-11-01
ZONC,2024-11-02 21:00:00,1467.3391152251752,1263.2497056707418,1671.4285247796086,LGBMRegressor,model6,2024-11-01
ZONC,2024-11-02 22:00:00,1563.5940060652229,1441.1234579643176,1686.0645541661281,LGBMRegressor,model6,2024-11-01
ZONC,2024-11-02 23:00:00,1639.197659950314,1563.2938124282584,1715.1015074723693,LGBMRegressor,model6,2024-11-01
ZOND,2024-11-02 00:00:00,597.5269152204229,566.3482238650251,628.7056065758206,LGBMRegressor,model5,2024-11-01
ZOND,2024-11-02 01:00:00,591.3902915832634,549.9421274441607,632.8384557223661,LGBMRegressor,model5,2024-11-01
ZOND,2024-11-02 02:00:00,582.4129469993366,547.0533763222256,617.7725176764475,LGBMRegressor,model5,2024-11-01
ZOND,2024-11-02 03:00:00,572.2253204185354,518.7327009643179,625.7179398727528,LGBMRegressor,model5,2024-11-01
ZOND,2024-11-02 04:00:00,563.831221743873,511.58046038223097,616.0819831055151,LGBMRegressor,model5,2024-11-01
ZOND,2024-11-02 05:00:00,559.1705943785704,504.0536431281541,614.2875456289868,LGBMRegressor,model5,2024-11-01
ZOND,2024-11-02 06:00:00,559.3283856092214,520.409617877306,598.2471533411368,LGBMRegressor,model5,2024-11-01
ZOND,2024-11-02 07:00:00,558.848227455394,522.7836596421411,594.9127952686468,LGBMRegressor,model5,2024-11-01
ZOND,2024-11-02 08:00:00,557.8544645726884,523.0874009112938,592.6215282340829,LGBMRegressor,model5,2024-11-01
ZOND,2024-11-02 09:00:00,563.9079402157412,524.07185815802,603.7440222734624,LGBMRegressor,model5,2024-11-01
ZOND,2024-11-02 10:00:00,574.4822561070321,521.1018753219723,627.8626368920918,LGBMRegressor,model5,2024-11-01
ZOND,2024-11-02 11:00:00,576.7565901147401,519.240337312458,634.2728429170222,LGBMRegressor,model5,2024-11-01
ZOND,2024-11-02 12:00:00,582.6273215612583,517.3904761208223,647.8641670016943,LGBMRegressor,model5,2024-11-01
ZOND,2024-11-02 13:00:00,586.8054623699425,520.9435814218523,652.6673433180327,LGBMRegressor,model5,2024-11-01
ZOND,2024-11-02 14:00:00,587.4262677907384,521.2185672665753,653.6339683149015,LGBMRegressor,model5,2024-11-01
ZOND,2024-11-02 15:00:00,586.6296681557683,508.1947108225594,665.0646254889772,LGBMRegressor,model5,2024-11-01
ZOND,2024-11-02 16:00:00,586.6367681390968,495.7232543330457,677.550281945148,LGBMRegressor,model5,2024-11-01
ZOND,2024-11-02 17:00:00,586.2462069748232,460.223406121634,712.2690078280124,LGBMRegressor,model5,2024-11-01
ZOND,2024-11-02 18:00:00,585.8296539166606,490.06440030616096,681.5949075271603,LGBMRegressor,model5,2024-11-01
ZOND,2024-11-02 19:00:00,585.671462719343,483.9624567771748,687.3804686615113,LGBMRegressor,model5,2024-11-01
ZOND,2024-11-02 20:00:00,586.6884593543557,488.5557934684655,684.8211252402459,LGBMRegressor,model5,2024-11-01
ZOND,2024-11-02 21:00:00,593.162158575681,493.12270208745974,693.2016150639023,LGBMRegressor,model5,2024-11-01
ZOND,2024-11-02 22:00:00,599.9598646444748,526.5475529181933,673.3721763707563,LGBMRegressor,model5,2024-11-01
ZOND,2024-11-02 23:00:00,608.0159271343705,550.0195347382748,666.0123195304661,LGBMRegressor,model5,2024-11-01
ZONE,2024-11-02 00:00:00,891.5959830341103,865.464849777268,917.7271162909526,LGBMRegressor,model6,2024-11-01
ZONE,2024-11-02 01:00:00,867.9263333024758,821.9149508382432,913.9377157667084,LGBMRegressor,model6,2024-11-01
ZONE,2024-11-02 02:00:00,822.8317454543429,763.0698906902592,882.5936002184267,LGBMRegressor,model6,2024-11-01
ZONE,2024-11-02 03:00:00,760.909944635892,707.9615028715181,813.8583864002659,LGBMRegressor,model6,2024-11-01
ZONE,2024-11-02 04:00:00,708.0977553671875,658.2428662091218,757.9526445252532,LGBMRegressor,model6,2024-11-01
ZONE,2024-11-02 05:00:00,682.051257002312,639.6447586654187,724.4577553392053,LGBMRegressor,model6,2024-11-01
ZONE,2024-11-02 06:00:00,669.9664668234252,616.2757931895235,723.6571404573269,LGBMRegressor,model6,2024-11-01
ZONE,2024-11-02 07:00:00,660.8424729078979,606.7109832538108,714.9739625619851,LGBMRegressor,model6,2024-11-01
ZONE,2024-11-02 08:00:00,661.1147931350891,601.9679898325318,720.2615964376465,LGBMRegressor,model6,2024-11-01
ZONE,2024-11-02 09:00:00,669.9421716442445,603.895562664691,735.9887806237979,LGBMRegressor,model6,2024-11-01
ZONE,2024-11-02 10:00:00,688.4727583983514,607.6897174564136,769.2557993402892,LGBMRegressor,model6,2024-11-01
ZONE,2024-11-02 11:00:00,721.2328477867569,627.68412255934,814.7815730141738,LGBMRegressor,model6,2024-11-01
ZONE,2024-11-02 12:00:00,746.0576976005419,644.7909728780705,847.3244223230133,LGBMRegressor,model6,2024-11-01
ZONE,2024-11-02 13:00:00,741.5836390520413,625.4519630734454,857.7153150306373,LGBMRegressor,model6,2024-11-01
ZONE,2024-11-02 14:00:00,734.7998031683188,618.1123852420162,851.4872210946214,LGBMRegressor,model6,2024-11-01
ZONE,2024-11-02 15:00:00,721.5688438909224,550.3837182742293,892.7539695076155,LGBMRegressor,model6,2024-11-01
ZONE,2024-11-02 16:00:00,712.1139273895405,500.76683590417275,923.4610188749084,LGBMRegressor,model6,2024-11-01
ZONE,2024-11-02 17:00:00,700.2702912487582,472.2435192236513,928.2970632738652,LGBMRegressor,model6,2024-11-01
ZONE,2024-11-02 18:00:00,694.6459008212048,449.833562289947,939.4582393524627,LGBMRegressor,model6,2024-11-01
ZONE,2024-11-02 19:00:00,693.7774827975645,477.18511642132927,910.3698491737998,LGBMRegressor,model6,2024-11-01
ZONE,2024-11-02 20:00:00,704.0517225895646,515.1650708096714,892.9383743694578,LGBMRegressor,model6,2024-11-01
ZONE,2024-11-02 21:00:00,740.939152557372,559.9780652763262,921.9002398384179,LGBMRegressor,model6,2024-11-01
ZONE,2024-11-02 22:00:00,796.1967070444624,650.5255407719146,941.8678733170103,LGBMRegressor,model6,2024-11-01
ZONE,2024-11-02 23:00:00,843.5608601284802,744.423151052384,942.6985692045763,LGBMRegressor,model6,2024-11-01
ZONF,2024-11-02 00:00:00,1352.5715940313112,1316.267870984761,1388.8753170778614,Ridge,model6,2024-11-01
ZONF,2024-11-02 01:00:00,1319.3611528613521,1279.2532608328881,1359.4690448898161,Ridge,model6,2024-11-01
ZONF,2024-11-02 02:00:00,1269.1581021069212,1215.2686762956694,1323.047527918173,Ridge,model6,2024-11-01
ZONF,2024-11-02 03:00:00,1195.9670462950514,1128.0632389197979,1263.8708536703052,Ridge,model6,2024-11-01
ZONF,2024-11-02 04:00:00,1109.092467647045,1020.7938108789929,1197.391124415097,Ridge,model6,2024-11-01
ZONF,2024-11-02 05:00:00,1048.9789151037896,935.7012570882499,1162.2565731193295,Ridge,model6,2024-11-01
ZONF,2024-11-02 06:00:00,1029.7456424590805,916.3680099249973,1143.1232749931637,Ridge,model6,2024-11-01
ZONF,2024-11-02 07:00:00,1029.3150299062302,915.8807598130567,1142.7492999994035,Ridge,model6,2024-11-01
ZONF,2024-11-02 08:00:00,1031.4372404669314,944.063971752783,1118.8105091810799,Ridge,model6,2024-11-01
ZONF,2024-11-02 09:00:00,1054.413277588607,989.233739151126,1119.5928160260878,Ridge,model6,2024-11-01
ZONF,2024-11-02 10:00:00,1112.6932998369002,1044.735554322333,1180.6510453514675,Ridge,model6,2024-11-01
ZONF,2024-11-02 11:00:00,1182.471689546515,1061.7503105249352,1303.193068568095,Ridge,model6,2024-11-01
ZONF,2024-11-02 12:00:00,1242.5560878656477,1076.5339147786917,1408.5782609526038,Ridge,model6,2024-11-01
ZONF,2024-11-02 13:00:00,1235.3553219268135,1028.0522589586267,1442.6583848950004,Ridge,model6,2024-11-01
ZONF,2024-11-02 14:00:00,1172.6421408066417,946.7301167561551,1398.5541648571284,Ridge,model6,2024-11-01
ZONF,2024-11-02 15:00:00,1131.2473414981018,930.3611544415127,1332.133528554691,Ridge,model6,2024-11-01
ZONF,2024-11-02 16:00:00,1104.813389691406,916.9789008302837,1292.6478785525283,Ridge,model6,2024-11-01
ZONF,2024-11-02 17:00:00,1078.0590297469887,866.4763246290407,1289.6417348649368,Ridge,model6,2024-11-01
ZONF,2024-11-02 18:00:00,1055.8879700705204,818.6649288581023,1293.1110112829385,Ridge,model6,2024-11-01
ZONF,2024-11-02 19:00:00,1077.2426596011755,839.1741171062049,1315.3112020961462,Ridge,model6,2024-11-01
ZONF,2024-11-02 20:00:00,1139.5667250651695,954.5721275341828,1324.5613225961563,Ridge,model6,2024-11-01
ZONF,2024-11-02 21:00:00,1221.3341903233966,1092.5457803230352,1350.122600323758,Ridge,model6,2024-11-01
ZONF,2024-11-02 22:00:00,1295.3733185809929,1221.0071087846804,1369.7395283773053,Ridge,model6,2024-11-01
ZONF,2024-11-02 23:00:00,1346.0319651816549,1277.298691536469,1414.7652388268407,Ridge,model6,2024-11-01
ZONG,2024-11-02 00:00:00,1125.0254757127145,1095.643383013356,1154.407568412073,LinearRegression,model6,2024-11-01
ZONG,2024-11-02 01:00:00,1087.1414468753305,1037.9107092997492,1136.3721844509118,LinearRegression,model6,2024-11-01
ZONG,2024-11-02 02:00:00,1029.9989174914147,978.0537031204436,1081.9441318623856,LinearRegression,model6,2024-11-01
ZONG,2024-11-02 03:00:00,962.6742503418475,904.3556397546342,1020.9928609290608,LinearRegression,model6,2024-11-01
ZONG,2024-11-02 04:00:00,886.4430701542623,813.806681834187,959.0794584743376,LinearRegression,model6,2024-11-01
ZONG,2024-11-02 05:00:00,814.2851940334264,744.2665738637745,884.3038142030782,LinearRegression,model6,2024-11-01
ZONG,2024-11-02 06:00:00,770.0052165574002,709.7847638878945,830.2256692269059,LinearRegression,model6,2024-11-01
ZONG,2024-11-02 07:00:00,760.2094543502077,715.4623577553934,804.956550945022,LinearRegression,model6,2024-11-01
ZONG,2024-11-02 08:00:00,769.2856381596002,734.3213360073812,804.2499403118193,LinearRegression,model6,2024-11-01
ZONG,2024-11-02 09:00:00,790.7137282086608,750.5760966002974,830.8513598170241,LinearRegression,model6,2024-11-01
ZONG,2024-11-02 10:00:00,830.3995549845462,771.4617092904163,889.3374006786761,LinearRegression,model6,2024-11-01
ZONG,2024-11-02 11:00:00,883.8989095108552,775.8128323623836,991.9849866593269,LinearRegression,model6,2024-11-01
ZONG,2024-11-02 12:00:00,929.0241362703648,778.9916869404254,1079.0565856003043,LinearRegression,model6,2024-11-01
ZONG,2024-11-02 13:00:00,952.8769231990415,772.6398568925906,1133.1139895054923,LinearRegression,model6,2024-11-01
ZONG,2024-11-02 14:00:00,930.0710463979883,736.6897104635766,1123.4523823324,LinearRegression,model6,2024-11-01
ZONG,2024-11-02 15:00:00,879.7627097398711,693.8371173018505,1065.6883021778917,LinearRegression,model6,2024-11-01
ZONG,2024-11-02 16:00:00,847.1053505227095,661.0473563105039,1033.1633447349152,LinearRegression,model6,2024-11-01
ZONG,2024-11-02 17:00:00,837.065740494704,653.3929266116909,1020.7385543777172,LinearRegression,model6,2024-11-01
ZONG,2024-11-02 18:00:00,846.5834300052963,692.3012851524013,1000.8655748581915,LinearRegression,model6,2024-11-01
ZONG,2024-11-02 19:00:00,878.4107746083952,751.0961619160596,1005.7253873007309,LinearRegression,model6,2024-11-01
ZONG,2024-11-02 20:00:00,940.8221979305729,839.3808498388967,1042.263546022249,LinearRegression,model6,2024-11-01
ZONG,2024-11-02 21:00:00,1019.0584764957794,938.3386885494033,1099.7782644421554,LinearRegression,model6,2024-11-01
ZONG,2024-11-02 22:00:00,1083.9388002684993,1032.2126597620277,1135.664940774971,LinearRegression,model6,2024-11-01
ZONG,2024-11-02 23:00:00,1123.4844888729265,1096.4013983509565,1150.5675793948965,LinearRegression,model6,2024-11-01
ZONH,2024-11-02 00:00:00,298.1245956678439,291.05031126739436,305.1988800682934,LGBMRegressor,model5,2024-11-01
ZONH,2024-11-02 01:00:00,291.25385374065434,280.5924587665731,301.9152487147356,LGBMRegressor,model5,2024-11-01
ZONH,2024-11-02 02:00:00,277.3131143979665,266.22531203807245,288.40091675786056,LGBMRegressor,model5,2024-11-01
ZONH,2024-11-02 03:00:00,258.40811226773377,249.18440661627545,267.6318179191921,LGBMRegressor,model5,2024-11-01
ZONH,2024-11-02 04:00:00,236.8116278089068,226.76750065781138,246.8557549600022,LGBMRegressor,model5,2024-11-01
ZONH,2024-11-02 05:00:00,224.13344201243058,204.6732964136026,243.59358761125856,LGBMRegressor,model5,2024-11-01
ZONH,2024-11-02 06:00:00,215.36717427476478,190.83539321620637,239.8989553333232,LGBMRegressor,model5,2024-11-01
ZONH,2024-11-02 07:00:00,208.89749588483448,189.67256720101906,228.1224245686499,LGBMRegressor,model5,2024-11-01
ZONH,2024-11-02 08:00:00,204.46683264446304,190.49367412901904,218.43999115990704,LGBMRegressor,model5,2024-11-01
ZONH,2024-11-02 09:00:00,200.8572938456108,181.80710445719083,219.90748323403076,LGBMRegressor,model5,2024-11-01
ZONH,2024-11-02 10:00:00,207.43602612515033,183.35817759614082,231.51387465415988,LGBMRegressor,model5,2024-11-01
ZONH,2024-11-02 11:00:00,218.2744698269954,191.91067896537106,244.63826068861974,LGBMRegressor,model5,2024-11-01
ZONH,2024-11-02 12:00:00,232.8360675099443,198.08375431027704,267.58838070961156,LGBMRegressor,model5,2024-11-01
ZONH,2024-11-02 13:00:00,247.76511073436865,212.0170179141423,283.513203554595,LGBMRegressor,model5,2024-11-01
ZONH,2024-11-02 14:00:00,254.5735615327626,217.4019747940313,291.7451482714939,LGBMRegressor,model5,2024-11-01
ZONH,2024-11-02 15:00:00,257.4732538000991,221.67400939079837,293.2724982093998,LGBMRegressor,model5,2024-11-01
ZONH,2024-11-02 16:00:00,257.77418655793133,218.885237341469,296.6631357743937,LGBMRegressor,model5,2024-11-01
ZONH,2024-11-02 17:00:00,259.0572110650809,234.09052060973218,284.0239015204296,LGBMRegressor,model5,2024-11-01
ZONH,2024-11-02 18:00:00,260.768977598062,242.19752072007685,279.34043447604716,LGBMRegressor,model5,2024-11-01
ZONH,2024-11-02 19:00:00,264.37531215229143,246.74297025225053,282.0076540523323,LGBMRegressor,model5,2024-11-01
ZONH,2024-11-02 20:00:00,269.4952056642619,251.94850184191154,287.04190948661227,LGBMRegressor,model5,2024-11-01
ZONH,2024-11-02 21:00:00,275.7946018999105,264.7571849619109,286.8320188379101,LGBMRegressor,model5,2024-11-01
ZONH,2024-11-02 22:00:00,285.87640916495116,278.9944758071031,292.75834252279924,LGBMRegressor,model5,2024-11-01
ZONH,2024-11-02 23:00:00,293.0271808296688,281.758784262149,304.2955773971886,LGBMRegressor,model5,2024-11-01
ZONI,2024-11-02 00:00:00,685.7794310309741,670.3437794032066,701.2150826587417,LGBMRegressor,model6,2024-11-01
ZONI,2024-11-02 01:00:00,654.289461864039,633.3179390071322,675.2609847209459,LGBMRegressor,model6,2024-11-01
ZONI,2024-11-02 02:00:00,619.5463039822434,599.6155007061166,639.4771072583703,LGBMRegressor,model6,2024-11-01
ZONI,2024-11-02 03:00:00,587.3015841962502,563.9167726081208,610.6863957843797,LGBMRegressor,model6,2024-11-01
ZONI,2024-11-02 04:00:00,554.7214414536927,528.7437764925783,580.6991064148071,LGBMRegressor,model6,2024-11-01
ZONI,2024-11-02 05:00:00,525.260922818018,490.5177506306201,560.0040950054158,LGBMRegressor,model6,2024-11-01
ZONI,2024-11-02 06:00:00,507.3527819467684,460.6554828134175,554.0500810801193,LGBMRegressor,model6,2024-11-01
ZONI,2024-11-02 07:00:00,490.19837127880254,447.7712345434088,532.6255080141963,LGBMRegressor,model6,2024-11-01
ZONI,2024-11-02 08:00:00,476.3128859351114,436.0554036916075,516.5703681786154,LGBMRegressor,model6,2024-11-01
ZONI,2024-11-02 09:00:00,468.25846836170416,421.86811723951456,514.6488194838937,LGBMRegressor,model6,2024-11-01
ZONI,2024-11-02 10:00:00,476.8338348293961,425.15741066088236,528.5102589979098,LGBMRegressor,model6,2024-11-01
ZONI,2024-11-02 11:00:00,493.91550343515985,435.9704297416398,551.8605771286799,LGBMRegressor,model6,2024-11-01
ZONI,2024-11-02 12:00:00,520.7768688323517,461.47496015401913,580.0787775106844,LGBMRegressor,model6,2024-11-01
ZONI,2024-11-02 13:00:00,548.0863810944584,492.2726379283434,603.9001242605734,LGBMRegressor,model6,2024-11-01
ZONI,2024-11-02 14:00:00,569.8864246396271,498.30661820469675,641.4662310745574,LGBMRegressor,model6,2024-11-01
ZONI,2024-11-02 15:00:00,582.5122576435867,503.019073643971,662.0054416432025,LGBMRegressor,model6,2024-11-01
ZONI,2024-11-02 16:00:00,588.2897445221533,520.3404680304994,656.2390210138072,LGBMRegressor,model6,2024-11-01
ZONI,2024-11-02 17:00:00,593.7220183954297,531.5904562212805,655.8535805695789,LGBMRegressor,model6,2024-11-01
ZONI,2024-11-02 18:00:00,597.4845777401966,523.2436944686295,671.7254610117639,LGBMRegressor,model6,2024-11-01
ZONI,2024-11-02 19:00:00,601.5675201102218,526.2393984203868,676.8956418000569,LGBMRegressor,model6,2024-11-01
ZONI,2024-11-02 20:00:00,607.3668321066407,521.1352206607545,693.5984435525269,LGBMRegressor,model6,2024-11-01
ZONI,2024-11-02 21:00:00,614.3245457978338,535.2123387598185,693.4367528358491,LGBMRegressor,model6,2024-11-01
ZONI,2024-11-02 22:00:00,631.8942917062882,576.4689189756429,687.3196644369335,LGBMRegressor,model6,2024-11-01
ZONI,2024-11-02 23:00:00,643.3988507872308,603.9044967366891,682.8932048377725,LGBMRegressor,model6,2024-11-01
ZONJ,2024-11-02 00:00:00,5792.3409210873715,5762.897080518568,5821.784761656175,LGBMRegressor,model6,2024-11-01
ZONJ,2024-11-02 01:00:00,5623.204585571518,5570.6029536939295,5675.806217449106,LGBMRegressor,model6,2024-11-01
ZONJ,2024-11-02 02:00:00,5413.824602509964,5346.938422154812,5480.710782865117,LGBMRegressor,model6,2024-11-01
ZONJ,2024-11-02 03:00:00,5144.4258079215115,5074.0620563584125,5214.78955948461,LGBMRegressor,model6,2024-11-01
ZONJ,2024-11-02 04:00:00,4839.335589375516,4769.876315714993,4908.794863036039,LGBMRegressor,model6,2024-11-01
ZONJ,2024-11-02 05:00:00,4592.84004279184,4509.8385987894635,4675.841486794216,LGBMRegressor,model6,2024-11-01
ZONJ,2024-11-02 06:00:00,4396.0627653192905,4311.917617229874,4480.207913408707,LGBMRegressor,model6,2024-11-01
ZONJ,2024-11-02 07:00:00,4267.459262524849,4170.87035623607,4364.048168813628,LGBMRegressor,model6,2024-11-01
ZONJ,2024-11-02 08:00:00,4162.011712141576,4058.501740692775,4265.521683590377,LGBMRegressor,model6,2024-11-01
ZONJ,2024-11-02 09:00:00,4121.880194306706,4004.016108498528,4239.744280114883,LGBMRegressor,model6,2024-11-01
ZONJ,2024-11-02 10:00:00,4161.332609621817,3975.641251544143,4347.023967699492,LGBMRegressor,model6,2024-11-01
ZONJ,2024-11-02 11:00:00,4292.216061184356,3998.4638457262085,4585.968276642502,LGBMRegressor,model6,2024-11-01
ZONJ,2024-11-02 12:00:00,4479.100373562731,4211.227265533242,4746.97348159222,LGBMRegressor,model6,2024-11-01
ZONJ,2024-11-02 13:00:00,4662.575692950494,4467.088386588281,4858.062999312708,LGBMRegressor,model6,2024-11-01
ZONJ,2024-11-02 14:00:00,4845.7242822342205,4670.619519919723,5020.829044548718,LGBMRegressor,model6,2024-11-01
ZONJ,2024-11-02 15:00:00,5005.2108407188725,4854.839764834379,5155.581916603366,LGBMRegressor,model6,2024-11-01
ZONJ,2024-11-02 16:00:00,5097.058187369628,4899.633429378817,5294.48294536044,LGBMRegressor,model6,2024-11-01
ZONJ,2024-11-02 17:00:00,5167.048142039228,4926.738905082844,5407.357378995612,LGBMRegressor,model6,2024-11-01
ZONJ,2024-11-02 18:00:00,5193.85982692313,4873.301769644646,5514.417884201614,LGBMRegressor,model6,2024-11-01
ZONJ,2024-11-02 19:00:00,5221.417438584293,4840.2249065423875,5602.609970626199,LGBMRegressor,model6,2024-11-01
ZONJ,2024-11-02 20:00:00,5220.316113880713,4760.842147444003,5679.7900803174225,LGBMRegressor,model6,2024-11-01
ZONJ,2024-11-02 21:00:00,5242.382364027772,4796.388369673297,5688.376358382247,LGBMRegressor,model6,2024-11-01
ZONJ,2024-11-02 22:00:00,5307.157911962271,5001.92793457176,5612.387889352783,LGBMRegressor,model6,2024-11-01
ZONJ,2024-11-02 23:00:00,5371.354370213739,5166.0938267895,5576.614913637977,LGBMRegressor,model6,2024-11-01
ZONK,2024-11-02 00:00:00,2386.301518734788,2346.6473208892326,2425.955716580343,LGBMRegressor,model6,2024-11-01
ZONK,2024-11-02 01:00:00,2310.312174483327,2255.160613308689,2365.4637356579656,LGBMRegressor,model6,2024-11-01
ZONK,2024-11-02 02:00:00,2198.5234680476133,2138.3266165380523,2258.720319557174,LGBMRegressor,model6,2024-11-01
ZONK,2024-11-02 03:00:00,2058.674449591715,1993.2280390274052,2124.1208601560247,LGBMRegressor,model6,2024-11-01
ZONK,2024-11-02 04:00:00,1903.3675466630389,1818.6581749521167,1988.076918373961,LGBMRegressor,model6,2024-11-01
ZONK,2024-11-02 05:00:00,1763.9801773208019,1703.1590655812736,1824.8012890603302,LGBMRegressor,model6,2024-11-01
ZONK,2024-11-02 06:00:00,1667.1405998882767,1625.03518198649,1709.2460177900634,LGBMRegressor,model6,2024-11-01
ZONK,2024-11-02 07:00:00,1602.0475877180747,1558.9972680419432,1645.0979073942062,LGBMRegressor,model6,2024-11-01
ZONK,2024-11-02 08:00:00,1561.787419974538,1518.1170472137112,1605.4577927353646,LGBMRegressor,model6,2024-11-01
ZONK,2024-11-02 09:00:00,1550.8649972665048,1510.9020726100402,1590.8279219229694,LGBMRegressor,model6,2024-11-01
ZONK,2024-11-02 10:00:00,1562.0553855176083,1502.0855908047458,1622.0251802304708,LGBMRegressor,model6,2024-11-01
ZONK,2024-11-02 11:00:00,1610.019061281304,1512.3415055733035,1707.6966169893044,LGBMRegressor,model6,2024-11-01
ZONK,2024-11-02 12:00:00,1675.119079410282,1515.1272623730642,1835.1108964474997,LGBMRegressor,model6,2024-11-01
ZONK,2024-11-02 13:00:00,1736.2096698242858,1619.1119832452969,1853.3073564032748,LGBMRegressor,model6,2024-11-01
ZONK,2024-11-02 14:00:00,1757.1517698268412,1605.5784081532463,1908.7251315004362,LGBMRegressor,model6,2024-11-01
ZONK,2024-11-02 15:00:00,1754.6925489758212,1513.6256013737313,1995.759496577911,LGBMRegressor,model6,2024-11-01
ZONK,2024-11-02 16:00:00,1755.393856172925,1517.3116121420267,1993.4761002038235,LGBMRegressor,model6,2024-11-01
ZONK,2024-11-02 17:00:00,1755.3674277243142,1566.500364073982,1944.2344913746465,LGBMRegressor,model6,2024-11-01
ZONK,2024-11-02 18:00:00,1798.0046610065185,1669.6442100655863,1926.3651119474507,LGBMRegressor,model6,2024-11-01
ZONK,2024-11-02 19:00:00,1870.3542061684857,1704.1983760107157,2036.5100363262557,LGBMRegressor,model6,2024-11-01
ZONK,2024-11-02 20:00:00,1979.3126055668913,1771.6662623684003,2186.9589487653825,LGBMRegressor,model6,2024-11-01
ZONK,2024-11-02 21:00:00,2103.768635004394,1926.2160681701723,2281.321201838616,LGBMRegressor,model6,2024-11-01
ZONK,2024-11-02 22:00:00,2237.4681323655113,2140.7495507536446,2334.186713977378,LGBMRegressor,model6,2024-11-01
ZONK,2024-11-02 23:00:00,2314.3708508289274,2215.653231020504,2413.088470637351,LGBMRegressor,model6,2024-11-01
ZONA,2024-11-03 00:00:00,1702.330761574231,1658.4932885623032,1746.1682345861589,LGBMRegressor,model6,2024-11-02
ZONA,2024-11-03 01:00:00,1696.292513319437,1646.9350181457637,1745.6500084931101,LGBMRegressor,model6,2024-11-02
ZONA,2024-11-03 02:00:00,1660.5963521940364,1605.85639399847,1715.3363103896029,LGBMRegressor,model6,2024-11-02
ZONA,2024-11-03 03:00:00,1592.827425315228,1537.7250260715368,1647.9298245589193,LGBMRegressor,model6,2024-11-02
ZONA,2024-11-03 04:00:00,1522.3322605276733,1476.7756077832614,1567.8889132720851,LGBMRegressor,model6,2024-11-02
ZONA,2024-11-03 05:00:00,1465.4973125199758,1426.529253995133,1504.4653710448185,LGBMRegressor,model6,2024-11-02
ZONA,2024-11-03 06:00:00,1428.4382885502994,1380.9645056752847,1475.912071425314,LGBMRegressor,model6,2024-11-02
ZONA,2024-11-03 07:00:00,1408.1778248656246,1359.059503588683,1457.2961461425664,LGBMRegressor,model6,2024-11-02
ZONA,2024-11-03 08:00:00,1392.1693955869134,1350.8127485949985,1433.5260425788283,LGBMRegressor,model6,2024-11-02
ZONA,2024-11-03 09:00:00,1389.954591338513,1351.1665159296379,1428.742666747388,LGBMRegressor,model6,2024-11-02
ZONA,2024-11-03 10:00:00,1398.160079517348,1354.0702280435387,1442.2499309911575,LGBMRegressor,model6,2024-11-02
ZONA,2024-11-03 11:00:00,1421.2988403449447,1372.444061977735,1470.1536187121544,LGBMRegressor,model6,2024-11-02
ZONA,2024-11-03 12:00:00,1449.9496517601299,1388.1306875092775,1511.7686160109822,LGBMRegressor,model6,2024-11-02
ZONA,2024-11-03 13:00:00,1488.037287078055,1453.9953499500718,1522.0792242060381,LGBMRegressor,model6,2024-11-02
ZONA,2024-11-03 14:00:00,1504.2353086810674,1420.3230892282393,1588.1475281338955,LGBMRegressor,model6,2024-11-02
ZONA,2024-11-03 15:00:00,1513.0047745946579,1408.4713440079934,1617.5382051813224,LGBMRegressor,model6,2024-11-02
ZONA,2024-11-03 16:00:00,1516.5870866857658,1379.9380095805209,1653.2361637910108,LGBMRegressor,model6,2024-11-02
ZONA,2024-11-03 17:00:00,1518.6910664752363,1372.7245219304486,1664.657611020024,LGBMRegressor,model6,2024-11-02
ZONA,2024-11-03 18:00:00,1511.9850567543047,1399.5093794743314,1624.460734034278,LGBMRegressor,model6,2024-11-02
ZONA,2024-11-03 19:00:00,1508.4918986744801,1410.7846823755283,1606.199114973432,LGBMRegressor,model6,2024-11-02
ZONA,2024-11-03 20:00:00,1504.1750287586183,1391.879570444968,1616.4704870722685,LGBMRegressor,model6,2024-11-02
ZONA,2024-11-03 21:00:00,1531.2451562918002,1413.3570983227282,1649.1332142608721,LGBMRegressor,model6,2024-11-02
ZONA,2024-11-03 22:00:00,1573.294974421132,1465.8022817780493,1680.787667064215,LGBMRegressor,model6,2024-11-02
ZONA,2024-11-03 23:00:00,1615.0253838955869,1525.173253087369,1704.8775147038048,LGBMRegressor,model6,2024-11-02
ZONB,2024-11-03 00:00:00,1083.5397703886972,1053.7046085089653,1113.3749322684291,LGBMRegressor,model6,2024-11-02
ZONB,2024-11-03 01:00:00,1049.7306659953308,999.3364749704065,1100.1248570202551,LGBMRegressor,model6,2024-11-02
ZONB,2024-11-03 02:00:00,995.4612049366912,945.9239599691817,1044.9984499042005,LGBMRegressor,model6,2024-11-02
ZONB,2024-11-03 03:00:00,937.8181074427007,879.7209659504854,995.915248934916,LGBMRegressor,model6,2024-11-02
ZONB,2024-11-03 04:00:00,878.6808612066468,819.2666337722142,938.0950886410794,LGBMRegressor,model6,2024-11-02
ZONB,2024-11-03 05:00:00,840.7666057094776,793.7447266561089,887.7884847628463,LGBMRegressor,model6,2024-11-02
ZONB,2024-11-03 06:00:00,816.1128092886821,777.2821114755482,854.9435071018161,LGBMRegressor,model6,2024-11-02
ZONB,2024-11-03 07:00:00,803.2251621788806,769.2497564962158,837.2005678615454,LGBMRegressor,model6,2024-11-02
ZONB,2024-11-03 08:00:00,802.4100727189849,773.8019141299703,831.0182313079995,LGBMRegressor,model6,2024-11-02
ZONB,2024-11-03 09:00:00,806.5539930254788,782.5190585914115,830.5889274595461,LGBMRegressor,model6,2024-11-02
ZONB,2024-11-03 10:00:00,827.5799620202707,816.2849074351784,838.875016605363,LGBMRegressor,model6,2024-11-02
ZONB,2024-11-03 11:00:00,854.3632426222985,826.0238894603692,882.7025957842277,LGBMRegressor,model6,2024-11-02
ZONB,2024-11-03 12:00:00,878.1133508252767,837.9270646177157,918.2996370328377,LGBMRegressor,model6,2024-11-02
ZONB,2024-11-03 13:00:00,892.0201516503196,845.9519167209478,938.0883865796914,LGBMRegressor,model6,2024-11-02
ZONB,2024-11-03 14:00:00,895.7596042535314,817.2902652130297,974.2289432940331,LGBMRegressor,model6,2024-11-02
ZONB,2024-11-03 15:00:00,896.4933678616998,767.9606756091649,1025.0260601142347,LGBMRegressor,model6,2024-11-02
ZONB,2024-11-03 16:00:00,901.4249342237288,735.1367364041672,1067.7131320432902,LGBMRegressor,model6,2024-11-02
ZONB,2024-11-03 17:00:00,903.33532721605,707.052295738904,1099.618358693196,LGBMRegressor,model6,2024-11-02
ZONB,2024-11-03 18:00:00,907.8484970184013,718.2640755582892,1097.4329184785136,LGBMRegressor,model6,2024-11-02
ZONB,2024-11-03 19:00:00,916.3380307809475,757.6714451380543,1075.0046164238408,LGBMRegressor,model6,2024-11-02
ZONB,2024-11-03 20:00:00,937.4865360576741,800.1126179482686,1074.8604541670798,LGBMRegressor,model6,2024-11-02
ZONB,2024-11-03 21:00:00,983.1150204060351,878.0175585580655,1088.2124822540047,LGBMRegressor,model6,2024-11-02
ZONB,2024-11-03 22:00:00,1051.1546426938046,991.4723312124407,1110.8369541751686,LGBMRegressor,model6,2024-11-02
ZONB,2024-11-03 23:00:00,1106.5831277404507,1054.1840699021561,1158.9821855787452,LGBMRegressor,model6,2024-11-02
ZONC,2024-11-03 00:00:00,1757.7467396102018,1706.2834722873843,1809.2100069330193,LGBMRegressor,model6,2024-11-02
ZONC,2024-11-03 01:00:00,1720.674845294337,1646.0209338572245,1795.3287567314496,LGBMRegressor,model6,2024-11-02
ZONC,2024-11-03 02:00:00,1636.4716498235823,1542.2393706073556,1730.703929039809,LGBMRegressor,model6,2024-11-02
ZONC,2024-11-03 03:00:00,1535.2882848297288,1447.6545010806124,1622.9220685788453,LGBMRegressor,model6,2024-11-02
ZONC,2024-11-03 04:00:00,1451.4051416195994,1372.8548442443434,1529.9554389948553,LGBMRegressor,model6,2024-11-02
ZONC,2024-11-03 05:00:00,1387.3329266324129,1309.8110174750386,1464.854835789787,LGBMRegressor,model6,2024-11-02
ZONC,2024-11-03 06:00:00,1349.7704103269941,1263.1796746798846,1436.3611459741037,LGBMRegressor,model6,2024-11-02
ZONC,2024-11-03 07:00:00,1326.2994015962258,1235.0984071377177,1417.500396054734,LGBMRegressor,model6,2024-11-02
ZONC,2024-11-03 08:00:00,1317.809822500514,1216.41839663444,1419.201248366588,LGBMRegressor,model6,2024-11-02
ZONC,2024-11-03 09:00:00,1323.5908311215642,1243.748663768915,1403.4329984742133,LGBMRegressor,model6,2024-11-02
ZONC,2024-11-03 10:00:00,1351.345332621341,1259.8136686691716,1442.8769965735103,LGBMRegressor,model6,2024-11-02
ZONC,2024-11-03 11:00:00,1408.794767610278,1326.211707980901,1491.377827239655,LGBMRegressor,model6,2024-11-02
ZONC,2024-11-03 12:00:00,1454.8982279219167,1378.7219304698788,1531.0745253739547,LGBMRegressor,model6,2024-11-02
ZONC,2024-11-03 13:00:00,1471.4627365376127,1337.5296776220866,1605.3957954531388,LGBMRegressor,model6,2024-11-02
ZONC,2024-11-03 14:00:00,1482.5368033624372,1264.7435132344528,1700.3300934904216,LGBMRegressor,model6,2024-11-02
ZONC,2024-11-03 15:00:00,1482.2224556114934,1204.8953236426312,1759.5495875803556,LGBMRegressor,model6,2024-11-02
ZONC,2024-11-03 16:00:00,1470.2807232021419,1190.8934314329574,1749.6680149713263,LGBMRegressor,model6,2024-11-02
ZONC,2024-11-03 17:00:00,1467.9672360505617,1193.9013460302872,1742.0331260708365,LGBMRegressor,model6,2024-11-02
ZONC,2024-11-03 18:00:00,1461.095677174475,1183.2248168168178,1738.9665375321322,LGBMRegressor,model6,2024-11-02
ZONC,2024-11-03 19:00:00,1467.1122725692576,1170.9323582830027,1763.2921868555125,LGBMRegressor,model6,2024-11-02
ZONC,2024-11-03 20:00:00,1488.5235553207294,1248.8386865886002,1728.2084240528586,LGBMRegressor,model6,2024-11-02
ZONC,2024-11-03 21:00:00,1544.7044224838496,1378.5134132931537,1710.8954316745455,LGBMRegressor,model6,2024-11-02
ZONC,2024-11-03 22:00:00,1632.724829729946,1530.4890010258357,1734.960658434056,LGBMRegressor,model6,2024-11-02
ZONC,2024-11-03 23:00:00,1713.0737525904285,1609.422379183641,1816.725125997216,LGBMRegressor,model6,2024-11-02
ZOND,2024-11-03 00:00:00,637.5227949688082,602.3445801777852,672.7010097598312,LGBMRegressor,model5,2024-11-02
ZOND,2024-11-03 01:00:00,632.2174660500037,588.6026012283563,675.8323308716512,LGBMRegressor,model5,2024-11-02
ZOND,2024-11-03 02:00:00,618.4143730741911,581.9298121283188,654.8989340200634,LGBMRegressor,model5,2024-11-02
ZOND,2024-11-03 03:00:00,604.3032484177863,551.9165526570098,656.6899441785629,LGBMRegressor,model5,2024-11-02
ZOND,2024-11-03 04:00:00,592.7950328645843,541.9391405145274,643.6509252146413,LGBMRegressor,model5,2024-11-02
ZOND,2024-11-03 05:00:00,584.538828072363,532.291138033179,636.786518111547,LGBMRegressor,model5,2024-11-02
ZOND,2024-11-03 06:00:00,578.0017641380874,536.954591578392,619.0489366977829,LGBMRegressor,model5,2024-11-02
ZOND,2024-11-03 07:00:00,573.0672210966624,535.761109353702,610.3733328396229,LGBMRegressor,model5,2024-11-02
ZOND,2024-11-03 08:00:00,569.5466514425917,530.1323275684871,608.9609753166964,LGBMRegressor,model5,2024-11-02
ZOND,2024-11-03 09:00:00,569.7847833324089,522.9069183130445,616.6626483517733,LGBMRegressor,model5,2024-11-02
ZOND,2024-11-03 10:00:00,577.0236828654457,518.6092908549717,635.4380748759197,LGBMRegressor,model5,2024-11-02
ZOND,2024-11-03 11:00:00,584.0510997054149,523.6041533975784,644.4980460132514,LGBMRegressor,model5,2024-11-02
ZOND,2024-11-03 12:00:00,591.9684415090551,537.5060033857047,646.4308796324054,LGBMRegressor,model5,2024-11-02
ZOND,2024-11-03 13:00:00,597.199263640534,526.6258607172231,667.7726665638451,LGBMRegressor,model5,2024-11-02
ZOND,2024-11-03 14:00:00,601.4541641012794,536.9456808759719,665.962647326587,LGBMRegressor,model5,2024-11-02
ZOND,2024-11-03 15:00:00,605.9085412156961,559.3571158678241,652.4599665635682,LGBMRegressor,model5,2024-11-02
ZOND,2024-11-03 16:00:00,609.5506931459571,559.143246333846,659.9581399580682,LGBMRegressor,model5,2024-11-02
ZOND,2024-11-03 17:00:00,610.175028525595,558.0124442964042,662.3376127547859,LGBMRegressor,model5,2024-11-02
ZOND,2024-11-03 18:00:00,608.6926628027435,552.9231548761726,664.4621707293144,LGBMRegressor,model5,2024-11-02
ZOND,2024-11-03 19:00:00,609.7848616860308,552.9778833485127,666.5918400235489,LGBMRegressor,model5,2024-11-02
ZOND,2024-11-03 20:00:00,613.3934896138535,552.8803068943411,673.9066723333659,LGBMRegressor,model5,2024-11-02
ZOND,2024-11-03 21:00:00,620.5022529710798,563.2970665021429,677.7074394400166,LGBMRegressor,model5,2024-11-02
ZOND,2024-11-03 22:00:00,631.4210465987696,575.5384964871236,687.3035967104157,LGBMRegressor,model5,2024-11-02
ZOND,2024-11-03 23:00:00,636.9746594996394,581.8697800481057,692.0795389511733,LGBMRegressor,model5,2024-11-02
ZONE,2024-11-03 00:00:00,907.0139364850364,877.74566754014,936.2822054299329,LGBMRegressor,model6,2024-11-02
ZONE,2024-11-03 01:00:00,878.8095178315899,826.5953146318227,931.0237210313571,LGBMRegressor,model6,2024-11-02
ZONE,2024-11-03 02:00:00,833.0857938795531,775.6912176532862,890.4803701058199,LGBMRegressor,model6,2024-11-02
ZONE,2024-11-03 03:00:00,778.4032612722409,721.3071679360902,835.4993546083916,LGBMRegressor,model6,2024-11-02
ZONE,2024-11-03 04:00:00,722.6020184465307,671.0614954395586,774.1425414535028,LGBMRegressor,model6,2024-11-02
ZONE,2024-11-03 05:00:00,686.2428975510579,637.1130372352604,735.3727578668554,LGBMRegressor,model6,2024-11-02
ZONE,2024-11-03 06:00:00,660.4188638385664,602.1275408544192,718.7101868227136,LGBMRegressor,model6,2024-11-02
ZONE,2024-11-03 07:00:00,647.6148489265131,589.553946986327,705.6757508666993,LGBMRegressor,model6,2024-11-02
ZONE,2024-11-03 08:00:00,647.431383127495,587.314581065868,707.548185189122,LGBMRegressor,model6,2024-11-02
ZONE,2024-11-03 09:00:00,652.50632567229,584.595839997082,720.4168113474981,LGBMRegressor,model6,2024-11-02
ZONE,2024-11-03 10:00:00,663.9539034652117,582.6509376337258,745.2568692966978,LGBMRegressor,model6,2024-11-02
ZONE,2024-11-03 11:00:00,686.3167706461343,598.7006935636826,773.932847728586,LGBMRegressor,model6,2024-11-02
ZONE,2024-11-03 12:00:00,722.4748712588738,659.4675941522469,785.4821483655007,LGBMRegressor,model6,2024-11-02
ZONE,2024-11-03 13:00:00,739.5880334858942,688.8449440362922,790.3311229354963,LGBMRegressor,model6,2024-11-02
ZONE,2024-11-03 14:00:00,735.927557149587,610.0975407830875,861.7575735160864,LGBMRegressor,model6,2024-11-02
ZONE,2024-11-03 15:00:00,729.3178196178583,551.680789240678,906.9548499950387,LGBMRegressor,model6,2024-11-02
ZONE,2024-11-03 16:00:00,716.0345611572435,502.00888346273376,930.0602388517533,LGBMRegressor,model6,2024-11-02
ZONE,2024-11-03 17:00:00,698.9995039188994,477.4912058638344,920.5078019739645,LGBMRegressor,model6,2024-11-02
ZONE,2024-11-03 18:00:00,687.5591920451059,450.6661045284197,924.4522795617921,LGBMRegressor,model6,2024-11-02
ZONE,2024-11-03 19:00:00,678.017124059821,473.2068087813701,882.8274393382718,LGBMRegressor,model6,2024-11-02
ZONE,2024-11-03 20:00:00,693.0385521678833,500.14210219006986,885.9350021456967,LGBMRegressor,model6,2024-11-02
ZONE,2024-11-03 21:00:00,730.2771093108489,556.8006614279324,903.7535571937656,LGBMRegressor,model6,2024-11-02
ZONE,2024-11-03 22:00:00,798.5990784426157,669.5642401343257,927.6339167509058,LGBMRegressor,model6,2024-11-02
ZONE,2024-11-03 23:00:00,858.1936762987145,777.0650594169045,939.3222931805245,LGBMRegressor,model6,2024-11-02
ZONF,2024-11-03 00:00:00,1365.583014255431,1329.3196515743855,1401.8463769364764,Ridge,model6,2024-11-02
ZONF,2024-11-03 01:00:00,1324.2001478053562,1284.1575540715714,1364.242741539141,Ridge,model6,2024-11-02
ZONF,2024-11-03 02:00:00,1266.7313245278845,1212.7280840788144,1320.7345649769545,Ridge,model6,2024-11-02
ZONF,2024-11-03 03:00:00,1195.317422796802,1127.3229709233033,1263.3118746703008,Ridge,model6,2024-11-02
ZONF,2024-11-03 04:00:00,1119.214780247118,1030.922746468105,1207.5068140261308,Ridge,model6,2024-11-02
ZONF,2024-11-03 05:00:00,1054.9198482487768,941.7081673141745,1168.1315291833791,Ridge,model6,2024-11-02
ZONF,2024-11-03 06:00:00,1010.8723037067895,897.5559105386226,1124.1886968749566,Ridge,model6,2024-11-02
ZONF,2024-11-03 07:00:00,991.9204514057653,878.5285335903372,1105.3123692211934,Ridge,model6,2024-11-02
ZONF,2024-11-03 08:00:00,993.0123196570386,905.6356557239358,1080.3889835901412,Ridge,model6,2024-11-02
ZONF,2024-11-03 09:00:00,1006.0307903746519,940.8173004462574,1071.2442803030465,Ridge,model6,2024-11-02
ZONF,2024-11-03 10:00:00,1041.9714244300853,985.6737446671252,1098.2691041930455,Ridge,model6,2024-11-02
ZONF,2024-11-03 11:00:00,1103.735227015734,1011.6647883610211,1195.8056656704468,Ridge,model6,2024-11-02
ZONF,2024-11-03 12:00:00,1152.1057374986724,1038.9705744282871,1265.2409005690577,Ridge,model6,2024-11-02
ZONF,2024-11-03 13:00:00,1155.9931751314134,1020.1796392765056,1291.8067109863214,Ridge,model6,2024-11-02
ZONF,2024-11-03 14:00:00,1136.6939626194248,1055.3965632539769,1217.9913619848728,Ridge,model6,2024-11-02
ZONF,2024-11-03 15:00:00,1119.8636980871297,1013.557334638393,1226.1700615358664,Ridge,model6,2024-11-02
ZONF,2024-11-03 16:00:00,1111.058778068425,923.0586031130061,1299.058953023844,Ridge,model6,2024-11-02
ZONF,2024-11-03 17:00:00,1101.8705987705666,890.502593093331,1313.2386044478023,Ridge,model6,2024-11-02
ZONF,2024-11-03 18:00:00,1080.9162253322254,843.7949357406795,1318.0375149237711,Ridge,model6,2024-11-02
ZONF,2024-11-03 19:00:00,1069.6551670010856,831.6191304494984,1307.6912035526727,Ridge,model6,2024-11-02
ZONF,2024-11-03 20:00:00,1112.4160541641918,927.4417138275601,1297.3903945008235,Ridge,model6,2024-11-02
ZONF,2024-11-03 21:00:00,1198.4581129759351,1069.7357173487828,1327.1805086030874,Ridge,model6,2024-11-02
ZONF,2024-11-03 22:00:00,1284.7291892175779,1211.7498897338137,1357.708488701342,Ridge,model6,2024-11-02
ZONF,2024-11-03 23:00:00,1339.7569192199269,1278.0479067166657,1401.465931723188,Ridge,model6,2024-11-02
ZONG,2024-11-03 00:00:00,1069.219089458923,1039.928453488117,1098.509725429729,LinearRegression,model6,2024-11-02
ZONG,2024-11-03 01:00:00,1040.8947136419026,991.6968896030103,1090.092537680795,LinearRegression,model6,2024-11-02
ZONG,2024-11-03 02:00:00,995.2691382617681,943.3615399320556,1047.1767365914807,LinearRegression,model6,2024-11-02
ZONG,2024-11-03 03:00:00,927.9379492815751,870.6285184624761,985.2473801006741,LinearRegression,model6,2024-11-02
ZONG,2024-11-03 04:00:00,851.2021198740822,778.5490024955897,923.8552372525747,LinearRegression,model6,2024-11-02
ZONG,2024-11-03 05:00:00,787.3466042392936,717.3696690416202,857.323539436967,LinearRegression,model6,2024-11-02
ZONG,2024-11-03 06:00:00,748.3920213676113,686.6378664992098,810.1461762360127,LinearRegression,model6,2024-11-02
ZONG,2024-11-03 07:00:00,731.1361932391105,686.3106790478248,775.9617074303962,LinearRegression,model6,2024-11-02
ZONG,2024-11-03 08:00:00,726.6559975577472,691.5571363545711,761.7548587609234,LinearRegression,model6,2024-11-02
ZONG,2024-11-03 09:00:00,733.139926523946,692.91554237641,773.364310671482,LinearRegression,model6,2024-11-02
ZONG,2024-11-03 10:00:00,761.3503274033137,711.5868296501563,811.1138251564711,LinearRegression,model6,2024-11-02
ZONG,2024-11-03 11:00:00,808.7097697958842,751.7999034575131,865.6196361342553,LinearRegression,model6,2024-11-02
ZONG,2024-11-03 12:00:00,845.2761478095657,767.4923025356652,923.0599930834662,LinearRegression,model6,2024-11-02
ZONG,2024-11-03 13:00:00,835.3947711110137,719.4108588982937,951.3786833237338,LinearRegression,model6,2024-11-02
ZONG,2024-11-03 14:00:00,801.3424871628953,645.6786333083576,957.006341017433,LinearRegression,model6,2024-11-02
ZONG,2024-11-03 15:00:00,774.3935665007631,614.6278538908373,934.1592791106889,LinearRegression,model6,2024-11-02
ZONG,2024-11-03 16:00:00,758.5973750196487,579.1308330127683,938.0639170265291,LinearRegression,model6,2024-11-02
ZONG,2024-11-03 17:00:00,745.4849864454958,559.8290314479472,931.1409414430444,LinearRegression,model6,2024-11-02
ZONG,2024-11-03 18:00:00,737.3324965123494,573.8233628751708,900.841630149528,LinearRegression,model6,2024-11-02
ZONG,2024-11-03 19:00:00,752.7982338159362,568.5584303997867,937.0380372320857,LinearRegression,model6,2024-11-02
ZONG,2024-11-03 20:00:00,812.8004251793999,631.0400016018064,994.5608487569934,LinearRegression,model6,2024-11-02
ZONG,2024-11-03 21:00:00,906.596431458131,774.9051615545492,1038.2877013617128,LinearRegression,model6,2024-11-02
ZONG,2024-11-03 22:00:00,998.1336066519315,921.4543417919438,1074.8128715119192,LinearRegression,model6,2024-11-02
ZONG,2024-11-03 23:00:00,1059.9860219975076,1012.3948658235425,1107.5771781714727,LinearRegression,model6,2024-11-02
ZONH,2024-11-03 00:00:00,277.17619462923204,266.72111368701144,287.63127557145265,LGBMRegressor,model5,2024-11-02
ZONH,2024-11-03 01:00:00,274.7200260455908,258.6264966262225,290.81355546495917,LGBMRegressor,model5,2024-11-02
ZONH,2024-11-03 02:00:00,261.6856189349737,247.7328711749571,275.63836669499034,LGBMRegressor,model5,2024-11-02
ZONH,2024-11-03 03:00:00,239.72380283246198,226.26101776265295,253.18658790227101,LGBMRegressor,model5,2024-11-02
ZONH,2024-11-03 04:00:00,223.20272721320453,209.77420160823664,236.6312528181724,LGBMRegressor,model5,2024-11-02
ZONH,2024-11-03 05:00:00,206.4493119272843,189.56551295340998,223.33311090115862,LGBMRegressor,model5,2024-11-02
ZONH,2024-11-03 06:00:00,194.81961603236087,169.5398741290859,220.09935793563585,LGBMRegressor,model5,2024-11-02
ZONH,2024-11-03 07:00:00,187.20301203956606,163.69583458569383,210.7101894934383,LGBMRegressor,model5,2024-11-02
ZONH,2024-11-03 08:00:00,182.0374753964457,158.69264234596352,205.38230844692788,LGBMRegressor,model5,2024-11-02
ZONH,2024-11-03 09:00:00,179.4540117760237,158.3686054225981,200.5394181294493,LGBMRegressor,model5,2024-11-02
ZONH,2024-11-03 10:00:00,181.3787797667217,157.85966168498675,204.89789784845664,LGBMRegressor,model5,2024-11-02
ZONH,2024-11-03 11:00:00,186.9733291834977,165.47457299405195,208.47208537294344,LGBMRegressor,model5,2024-11-02
ZONH,2024-11-03 12:00:00,199.8781786684111,181.66386045060878,218.0924968862134,LGBMRegressor,model5,2024-11-02
ZONH,2024-11-03 13:00:00,210.22779746770777,189.88295621871984,230.5726387166957,LGBMRegressor,model5,2024-11-02
ZONH,2024-11-03 14:00:00,220.36130253611654,195.13859781324234,245.58400725899074,LGBMRegressor,model5,2024-11-02
ZONH,2024-11-03 15:00:00,227.1434662176345,198.00409194929347,256.28284048597556,LGBMRegressor,model5,2024-11-02
ZONH,2024-11-03 16:00:00,231.25535488444012,193.33111114667622,269.179598622204,LGBMRegressor,model5,2024-11-02
ZONH,2024-11-03 17:00:00,233.97479908241098,192.70977469185334,275.2398234729686,LGBMRegressor,model5,2024-11-02
ZONH,2024-11-03 18:00:00,237.43317455546048,191.01334171531872,283.8530073956023,LGBMRegressor,model5,2024-11-02
ZONH,2024-11-03 19:00:00,238.63226431878456,191.7658525883978,285.49867604917137,LGBMRegressor,model5,2024-11-02
ZONH,2024-11-03 20:00:00,243.21835029570477,199.11594819213306,287.3207523992765,LGBMRegressor,model5,2024-11-02
ZONH,2024-11-03 21:00:00,250.67526766820188,212.53095604529705,288.8195792911067,LGBMRegressor,model5,2024-11-02
ZONH,2024-11-03 22:00:00,263.89487928972335,234.82024129369265,292.9695172857541,LGBMRegressor,model5,2024-11-02
ZONH,2024-11-03 23:00:00,273.17522590129704,250.57560798721968,295.7748438153744,LGBMRegressor,model5,2024-11-02
ZONI,2024-11-03 00:00:00,617.9438424682626,600.1681904234289,635.7194945130963,LGBMRegressor,model6,2024-11-02
ZONI,2024-11-03 01:00:00,619.7773057602893,597.6912850028376,641.863326517741,LGBMRegressor,model6,2024-11-02
ZONI,2024-11-03 02:00:00,607.2200230025468,584.2329960106069,630.2070499944866,LGBMRegressor,model6,2024-11-02
ZONI,2024-11-03 03:00:00,577.5284705315305,557.9147489304223,597.1421921326387,LGBMRegressor,model6,2024-11-02
ZONI,2024-11-03 04:00:00,549.0319175981161,529.8946149196742,568.1692202765581,LGBMRegressor,model6,2024-11-02
ZONI,2024-11-03 05:00:00,525.8281415735922,492.17884869999136,559.4774344471931,LGBMRegressor,model6,2024-11-02
ZONI,2024-11-03 06:00:00,509.31370132827425,463.78182909953034,554.8455735570182,LGBMRegressor,model6,2024-11-02
ZONI,2024-11-03 07:00:00,495.8327876046214,459.8209561657681,531.8446190434747,LGBMRegressor,model6,2024-11-02
ZONI,2024-11-03 08:00:00,482.8935413426827,448.63180786293486,517.1552748224306,LGBMRegressor,model6,2024-11-02
ZONI,2024-11-03 09:00:00,474.64219086644033,438.35361186223423,510.93076987064643,LGBMRegressor,model6,2024-11-02
ZONI,2024-11-03 10:00:00,477.9191571059901,435.0326769037895,520.8056373081907,LGBMRegressor,model6,2024-11-02
ZONI,2024-11-03 11:00:00,487.5693086455557,438.90397411582137,536.23464317529,LGBMRegressor,model6,2024-11-02
ZONI,2024-11-03 12:00:00,498.9556980828073,445.5974312388492,552.3139649267655,LGBMRegressor,model6,2024-11-02
ZONI,2024-11-03 13:00:00,511.98361862919376,455.4570536093548,568.5101836490328,LGBMRegressor,model6,2024-11-02
ZONI,2024-11-03 14:00:00,524.9170202200987,452.9506851040702,596.8833553361272,LGBMRegressor,model6,2024-11-02
ZONI,2024-11-03 15:00:00,531.3442926589798,451.2311119234635,611.4574733944961,LGBMRegressor,model6,2024-11-02
ZONI,2024-11-03 16:00:00,536.6041283498295,467.20357629149595,606.004680408163,LGBMRegressor,model6,2024-11-02
ZONI,2024-11-03 17:00:00,539.1421645743951,463.05697510055165,615.2273540482386,LGBMRegressor,model6,2024-11-02
ZONI,2024-11-03 18:00:00,544.94111791345,465.7891127412604,624.0931230856395,LGBMRegressor,model6,2024-11-02
ZONI,2024-11-03 19:00:00,549.3934484835329,471.08644616866815,627.7004507983977,LGBMRegressor,model6,2024-11-02
ZONI,2024-11-03 20:00:00,558.1252663477566,477.0750218866696,639.1755108088436,LGBMRegressor,model6,2024-11-02
ZONI,2024-11-03 21:00:00,571.5674339397303,495.50839459540373,647.6264732840569,LGBMRegressor,model6,2024-11-02
ZONI,2024-11-03 22:00:00,593.5252202061966,530.4009641692135,656.6494762431798,LGBMRegressor,model6,2024-11-02
ZONI,2024-11-03 23:00:00,612.5403156079228,559.3815152111399,665.6991160047057,LGBMRegressor,model6,2024-11-02
ZONJ,2024-11-03 00:00:00,5042.709131447318,4962.772811670558,5122.645451224078,LGBMRegressor,model6,2024-11-02
ZONJ,2024-11-03 01:00:00,4992.315296241112,4858.061192257846,5126.569400224378,LGBMRegressor,model6,2024-11-02
ZONJ,2024-11-03 02:00:00,4890.685736665235,4717.4176047948295,5063.953868535641,LGBMRegressor,model6,2024-11-02
ZONJ,2024-11-03 03:00:00,4702.995141116137,4475.353500561106,4930.636781671169,LGBMRegressor,model6,2024-11-02
ZONJ,2024-11-03 04:00:00,4497.774808870576,4256.525798947636,4739.0238187935165,LGBMRegressor,model6,2024-11-02
ZONJ,2024-11-03 05:00:00,4264.568540868597,4038.426394046352,4490.710687690841,LGBMRegressor,model6,2024-11-02
ZONJ,2024-11-03 06:00:00,4078.3132482969095,3853.9887122721075,4302.6377843217115,LGBMRegressor,model6,2024-11-02
ZONJ,2024-11-03 07:00:00,3942.4207527833682,3664.34436271608,4220.497142850657,LGBMRegressor,model6,2024-11-02
ZONJ,2024-11-03 08:00:00,3857.7072413062124,3561.110718166567,4154.303764445858,LGBMRegressor,model6,2024-11-02
ZONJ,2024-11-03 09:00:00,3832.4112881390806,3547.7974616826464,4117.025114595514,LGBMRegressor,model6,2024-11-02
ZONJ,2024-11-03 10:00:00,3831.5924064154055,3525.4429742595457,4137.741838571265,LGBMRegressor,model6,2024-11-02
ZONJ,2024-11-03 11:00:00,3935.0341595148084,3630.2578375579583,4239.810481471658,LGBMRegressor,model6,2024-11-02
ZONJ,2024-11-03 12:00:00,4049.250251199118,3731.200329895659,4367.300172502577,LGBMRegressor,model6,2024-11-02
ZONJ,2024-11-03 13:00:00,4222.441564414619,3928.9474283837462,4515.935700445492,LGBMRegressor,model6,2024-11-02
ZONJ,2024-11-03 14:00:00,4360.769181797396,4036.26512513579,4685.273238459003,LGBMRegressor,model6,2024-11-02
ZONJ,2024-11-03 15:00:00,4507.055698172977,4156.414416715077,4857.696979630877,LGBMRegressor,model6,2024-11-02
ZONJ,2024-11-03 16:00:00,4585.7948095153015,4192.449549986721,4979.140069043882,LGBMRegressor,model6,2024-11-02
ZONJ,2024-11-03 17:00:00,4663.985829698616,4231.216288219971,5096.755371177261,LGBMRegressor,model6,2024-11-02
ZONJ,2024-11-03 18:00:00,4690.373069987957,4231.940208419519,5148.805931556395,LGBMRegressor,model6,2024-11-02
ZONJ,2024-11-03 19:00:00,4695.242339479752,4190.8207040351235,5199.663974924381,LGBMRegressor,model6,2024-11-02
ZONJ,2024-11-03 20:00:00,4694.635089787754,4135.609399025952,5253.660780549555,LGBMRegressor,model6,2024-11-02
ZONJ,2024-11-03 21:00:00,4724.119627326519,4184.126393446856,5264.112861206181,LGBMRegressor,model6,2024-11-02
ZONJ,2024-11-03 22:00:00,4761.6610734777605,4333.262236316399,5190.059910639122,LGBMRegressor,model6,2024-11-02
ZONJ,2024-11-03 23:00:00,4831.325876133129,4446.255806363667,5216.395945902591,LGBMRegressor,model6,2024-11-02
ZONK,2024-11-03 00:00:00,2178.451642436463,2134.9746497103565,2221.928635162569,LGBMRegressor,model6,2024-11-02
ZONK,2024-11-03 01:00:00,2137.497333870081,2055.5038432345973,2219.490824505565,LGBMRegressor,model6,2024-11-02
ZONK,2024-11-03 02:00:00,2027.7866959734527,1941.4805858879288,2114.0928060589767,LGBMRegressor,model6,2024-11-02
ZONK,2024-11-03 03:00:00,1896.6475449778513,1805.5217788556495,1987.7733111000532,LGBMRegressor,model6,2024-11-02
ZONK,2024-11-03 04:00:00,1749.1289313391314,1666.3770054759423,1831.8808572023206,LGBMRegressor,model6,2024-11-02
ZONK,2024-11-03 05:00:00,1633.7464998078287,1567.4963778010742,1699.9966218145832,LGBMRegressor,model6,2024-11-02
ZONK,2024-11-03 06:00:00,1557.3771647906256,1489.2070668652116,1625.5472627160395,LGBMRegressor,model6,2024-11-02
ZONK,2024-11-03 07:00:00,1507.501479949198,1434.3762814867825,1580.6266784116135,LGBMRegressor,model6,2024-11-02
ZONK,2024-11-03 08:00:00,1477.5367908685746,1412.8293695667915,1542.2442121703577,LGBMRegressor,model6,2024-11-02
ZONK,2024-11-03 09:00:00,1489.6214422371652,1437.9417658713314,1541.301118602999,LGBMRegressor,model6,2024-11-02
ZONK,2024-11-03 10:00:00,1533.2581995279634,1481.736258588207,1584.7801404677198,LGBMRegressor,model6,2024-11-02
ZONK,2024-11-03 11:00:00,1580.8629703863364,1497.3753774096322,1664.3505633630407,LGBMRegressor,model6,2024-11-02
ZONK,2024-11-03 12:00:00,1643.6777291803442,1544.1407536975182,1743.21470466317,LGBMRegressor,model6,2024-11-02
ZONK,2024-11-03 13:00:00,1653.1244659381452,1564.964054525342,1741.2848773509486,LGBMRegressor,model6,2024-11-02
ZONK,2024-11-03 14:00:00,1616.058444000129,1459.6386090982749,1772.478278901983,LGBMRegressor,model6,2024-11-02
ZONK,2024-11-03 15:00:00,1574.9727282871752,1330.7034367722385,1819.2420198021118,LGBMRegressor,model6,2024-11-02
ZONK,2024-11-03 16:00:00,1517.0605578089323,1261.2507741010859,1772.8703415167788,LGBMRegressor,model6,2024-11-02
ZONK,2024-11-03 17:00:00,1492.8007709108717,1220.305128543406,1765.2964132783375,LGBMRegressor,model6,2024-11-02
ZONK,2024-11-03 18:00:00,1493.8663187669654,1202.7679297011343,1784.9647078327964,LGBMRegressor,model6,2024-11-02
ZONK,2024-11-03 19:00:00,1533.144955424082,1230.5123114903147,1835.7775993578493,LGBMRegressor,model6,2024-11-02
ZONK,2024-11-03 20:00:00,1594.2286374817297,1317.3046700400268,1871.1526049234326,LGBMRegressor,model6,2024-11-02
ZONK,2024-11-03 21:00:00,1723.0142668912047,1510.0066060801144,1936.021927702295,LGBMRegressor,model6,2024-11-02
ZONK,2024-11-03 22:00:00,1867.7924821467104,1702.0586545670963,2033.5263097263246,LGBMRegressor,model6,2024-11-02
ZONK,2024-11-03 23:00:00,2014.531138959746,1885.1877049363034,2143.8745729831885,LGBMRegressor,model6,2024-11-02
